{
    "dis_bins": [
        [
            0.0,
            2.0
        ],
        [
            2.0,
            4.0
        ],
        [
            4.0,
            6.0
        ],
        [
            6.0,
            8.0
        ],
        [
            8.0,
            10.0
        ],
        [
            10.0,
            12.0
        ]
    ],
    "ori_bins": [
        [
            -3.1415927410125732,
            -2.094395160675049
        ],
        [
            -2.094395160675049,
            -1.0471975803375244
        ],
        [
            -1.0471975803375244,
            0.0
        ],
        [
            -8.881784197001252e-16,
            1.0471975803375244
        ],
        [
            1.0471975803375244,
            2.094395160675049
        ],
        [
            2.094395160675049,
            3.1415927410125732
        ]
    ],
    "rot_bins": [
        -3.1415927410125732,
        -2.356194496154785,
        -1.5707963705062866,
        -0.7853981852531433,
        0.0,
        0.7853981852531433,
        1.5707963705062866,
        2.356194496154785
    ],
    "lat_bins": [
        [
            -1.5707963705062866,
            -1.0471975803375244
        ],
        [
            -1.0471975803375244,
            -0.5235987901687622
        ],
        [
            -0.5235987901687622,
            0.0
        ],
        [
            -4.440892098500626e-16,
            0.5235987901687622
        ],
        [
            0.5235987901687622,
            1.0471975803375244
        ],
        [
            1.0471975803375244,
            1.5707963705062866
        ]
    ],
    "lon_bins": [
        [
            -3.1415927410125732,
            -2.6179938316345215
        ],
        [
            -2.6179938316345215,
            -2.094395160675049
        ],
        [
            -2.094395160675049,
            -1.5707963705062866
        ],
        [
            -1.5707963705062866,
            -1.0471975803375244
        ],
        [
            -1.0471975803375244,
            -0.5235987901687622
        ],
        [
            -0.5235987901687622,
            0.0
        ],
        [
            -8.881784197001252e-16,
            0.5235987901687622
        ],
        [
            0.5235987901687622,
            1.0471975803375244
        ],
        [
            1.0471975803375244,
            1.5707963705062866
        ],
        [
            1.5707963705062866,
            2.094395160675049
        ],
        [
            2.094395160675049,
            2.6179938316345215
        ],
        [
            2.6179938316345215,
            3.141592502593994
        ]
    ],
    "pitch_bins": [
        [
            0.1745329201221466,
            0.3490658402442932
        ],
        [
            0.3490658402442932,
            0.5235987901687622
        ]
    ],
    "roll_bins": [
        [
            -0.1745329201221466,
            0.0
        ],
        [
            0.0,
            0.1745329201221466
        ]
    ],
    "layout_ori_bins": [
        [
            -0.7853981852531433,
            0.0
        ],
        [
            0.0,
            0.7853981852531433
        ]
    ],
    "size_avg": [
        [
            0.9537104964256287,
            0.5851879715919495,
            0.7986712455749512
        ],
        [
            1.9644783735275269,
            1.2292708158493042,
            0.4795311689376831
        ],
        [
            1.6841776371002197,
            2.1207566261291504,
            0.9023095965385437
        ],
        [
            0.9537104964256287,
            0.5851879715919495,
            0.7986712455749512
        ],
        [
            0.9382281303405762,
            0.4766995310783386,
            0.8935611248016357
        ],
        [
            0.6620856523513794,
            0.5809850096702576,
            0.860061526298523
        ],
        [
            2.151893138885498,
            1.7289674282073975,
            0.008340648375451565
        ],
        [
            0.49972373247146606,
            0.485862135887146,
            0.8833140134811401
        ],
        [
            0.839425265789032,
            0.4480343461036682,
            0.4610443413257599
        ],
        [
            0.3199999928474426,
            0.5100001692771912,
            0.39500999450683594
        ],
        [
            1.0849802494049072,
            0.610287606716156,
            0.3741244375705719
        ],
        [
            0.5393643975257874,
            0.30293288826942444,
            0.7016563415527344
        ],
        [
            0.9022448062896729,
            0.5661224722862244,
            0.0662694200873375
        ],
        [
            1.3481099605560303,
            0.7256325483322144,
            0.031498733907938004
        ],
        [
            1.3499994277954102,
            0.7700002789497375,
            1.1286001205444336
        ],
        [
            0.559999942779541,
            0.5,
            0.29700008034706116
        ],
        [
            0.615109920501709,
            0.5887311100959778,
            0.720461905002594
        ],
        [
            1.153671383857727,
            0.1349860280752182,
            2.052752733230591
        ],
        [
            0.7798706889152527,
            0.8126306533813477,
            1.1706041097640991
        ],
        [
            2.525038242340088,
            0.06290895491838455,
            0.9900005459785461
        ],
        [
            0.3431675434112549,
            0.3658372461795807,
            1.5414444208145142
        ],
        [
            0.9032005071640015,
            0.8046241402626038,
            1.7146306037902832
        ],
        [
            0.654999852180481,
            0.34499993920326233,
            2.0789995193481445
        ],
        [
            0.4424999952316284,
            0.42750000953674316,
            1.039500117301941
        ],
        [
            0.9537104964256287,
            0.5851879715919495,
            0.7986712455749512
        ],
        [
            0.3110658526420593,
            0.22855591773986816,
            0.009900000877678394
        ],
        [
            0.4118577539920807,
            0.14886096119880676,
            0.23760013282299042
        ],
        [
            0.7647744417190552,
            0.4859127402305603,
            0.36950355768203735
        ],
        [
            1.2192249298095703,
            0.1699540913105011,
            0.9136002659797668
        ],
        [
            0.7091198563575745,
            0.17492295801639557,
            0.39500999450683594
        ],
        [
            0.4677187502384186,
            0.4371362626552582,
            0.8304939866065979
        ],
        [
            0.8152874708175659,
            0.6419697999954224,
            0.8876680731773376
        ],
        [
            1.399999737739563,
            0.4699999988079071,
            1.1879998445510864
        ],
        [
            0.7122608423233032,
            0.020000284537672997,
            0.6293489933013916
        ],
        [
            0.3740699589252472,
            0.35362833738327026,
            0.9977086782455444
        ],
        [
            2.5898988246917725,
            1.330068826675415,
            0.6732000112533569
        ],
        [
            1.0384379625320435,
            0.6340109705924988,
            0.3464999496936798
        ],
        [
            1.3647478818893433,
            0.38001877069473267,
            1.0892810821533203
        ],
        [
            1.2218611240386963,
            1.2968895435333252,
            2.1901416778564453
        ],
        [
            0.802036464214325,
            0.583819568157196,
            0.9459133744239807
        ],
        [
            2.2969467639923096,
            1.1115189790725708,
            0.7260889410972595
        ],
        [
            0.8503119945526123,
